{
  "^DJI": {
    "n": 22,
    "mean": 0.00028802492151728886,
    "median": 0.0013144050998703288,
    "min": -0.009722709833435525,
    "max": 0.012478558709894031,
    "std": 0.005142957295211583,
    "skew": 0.3358504398891926,
    "kurt": 0.22154654381047312,
    "annualized_vol": 0.0813172948092379
  },
  "^HSI": {
    "n": 22,
    "mean": 0.000756532801569872,
    "median": 0.0017015255827606333,
    "min": -0.006434838548268729,
    "max": 0.008488542032759243,
    "std": 0.004346296236181566,
    "skew": -0.03599655645054708,
    "kurt": -0.8698718875579132,
    "annualized_vol": 0.06872097746075438
  },
  "^FCHI": {
    "n": 22,
    "mean": 0.006902573723453781,
    "median": 0.008504011724540178,
    "min": -0.09173502949162547,
    "max": 0.15060251638786348,
    "std": 0.054639015050262384,
    "skew": 0.5658150577594045,
    "kurt": 0.9461976181896175,
    "annualized_vol": 0.8639186833352429
  }
}